Platform,Caption,Hashtags
TikTok/Reels,Contracts? Handled. ✅ Meet DocuGod — your AI Contract Copilot. Faster. Safer. Smarter. 👉 https://payhip.com/b/D2t37,#LegalTech #AI #Contracts
TikTok/Reels,Lawyers spend days. DocuGod takes minutes. 🚀 Start here: https://payhip.com/b/D2t37,#AI #LegalTech #Productivity
TikTok/Reels,Red flags pop. Risks ranked. Decision brief in your inbox. Done. 🔗 https://payhip.com/b/EtBob,#Compliance #AI #LegalTech
LinkedIn,"We built DocuGod to solve a simple problem: contract review is too slow, too expensive, too painful. With AI, that changes. 🚀
👉 Pilot (Business): https://payhip.com/b/D2t37
👉 Retainer (Pro): https://payhip.com/b/EtBob",#LegalTech #AI #Compliance #Contracts
LinkedIn,"Contract chaos → clarity.
- Red-flag scans
- GDPR gap checks
- 1-page decision briefs
📦 DocuGod Ship Kit is live.
Try the Free Plan: https://payhip.com/b/Urc5P",#AI #LegalTech #GDPR #Startups
LinkedIn,"Compliance doesn’t have to kill momentum.
DocuGod gives leaders the insights they need — in minutes, not days.
Start with Business: https://payhip.com/b/D2t37",#Compliance #AI #LegalTech #Leadership
X,"DocuGod 🚀 AI Contract Copilot.
Contracts → Minutes. Not Days.
Free Plan: https://payhip.com/b/Urc5P",#AI #LegalTech #Automation
X,"Red flags? Risk tables? Decision briefs?
Yeah, DocuGod does that. ✅ https://payhip.com/b/D2t37",#AI #Contracts #LegalTech
X,GDPR ready. Investor ready. You ready? 👉 https://payhip.com/b/EtBob,#GDPR #AI #Compliance #LegalTech
All,"🎁 DocuGod Free Plan — test the workflow with sample docs & a demo Decision Brief. No cost, no card.
Grab it here: https://payhip.com/b/Urc5P",#Free #LegalTech #AI #Contracts
